decision_family,decision,status,frozen_value,rationale,unfreeze_condition
"validation_role","MCFW role","frozen","independent raw-signal/measurement generalization; not HCI treatment-effect replication","dataset supplies raw multi-context gaze but no simple randomized interface A/B manipulation","none"
"event_detection","primary detectors","frozen","I-VT 30 deg/s + 100 ms + 75 ms run-gap; I-VT 40 deg/s + 50 ms + 75 ms run-gap; I-DT 1 degree + 100 ms","reuse SRL open detector family to test cross-dataset generalization rather than tune a new set","none"
"eye_representation","primary eyes","frozen","left and right separately","source provides binocular gaze with explicit validity/availability flags; avoid hidden fusion","none"
"eye_representation","binocular fusion","outside_primary","none","would add a new measurement rule and missing-eye behavior","only as separately preregistered extension"
"timebase","native timestamp scale","provenance_gate","not frozen until archive/source metadata establishes native unit","adapter requires explicit conversion to seconds and forbids guessing","resolve before detector execution"
"timebase","non-increasing timestamps","frozen","non-evaluable; no reorder or repair","preserve source defect rather than manufacture a regular sequence","none"
"geometry","screen geometry","frozen_source","1920 x 1080; physical screen approximately 31.0 x 17.5 cm","public dataset description","verify in archive documentation"
"geometry","viewing distance","frozen_source_approximate","approximately 65 cm nominal conversion only","public description gives approximate 65 cm but not participant-specific distances or a range","additional distance sensitivity only if source/archive supports a defensible range"
"preprocessing","interpolation","frozen","none","avoid hidden sample creation","separate declared extension only"
"preprocessing","smoothing","frozen","none","avoid hidden signal modification","separate declared extension only"
"quality","primary quality representation","frozen","source-native valid+available eye flags summarized continuously","quality association is more defensible than arbitrary threshold selection","none"
"quality","published quality tables","provenance_gate","descriptive only until semantic audit passes","published columns with nonstandard/out-of-range values must not be silently clipped/reinterpreted","resolve semantics before inferential use"
"outcome","sample-level pairwise agreement","frozen","agreement proportion; fixation-state Jaccard; Cohen kappa where defined","common timeline permits direct detector-state comparison without claiming ground truth","none"
"outcome","event-summary divergence","frozen","fixation count; rate/min; median duration; total fixation-time proportion; pairwise differences","captures scientific consequences of detector choice beyond sample label agreement","none"
"context","context families","frozen","natural_image; gaze_pattern_auth; password; web_shopping; web_news; web_video","source-defined contexts","none"
"reporting","failed/non-evaluable trials","frozen","retain in planned ledger with reason","prevents silent denominator drift","none"
"reporting","automatic robustness label","frozen","none","report magnitude/agreement distributions and context/quality sensitivity instead","none"
