metric,value,status
figshare_article_id,28304069,verified
figshare_file_id,54379415,verified
archive_size_bytes,927921378,verified
archive_md5,ba5fcbc6ac4559c6529c62ddd74b4b8a,verified
archive_sha256,8906b3196faf65cb0bc401c0919a0fe075369c998ac431f67e46a39662fe7e1a,observed
participants_csv_ids,110,verified
stimuli_csv_ids,110,verified
raw_file_ids,83,verified
event_ids,84,verified
event_ids_with_8_tasks,84,verified
exact_raw_metadata_ids,82,verified
exact_raw_prompt,41,verified
exact_raw_non_prompt,41,verified
raw_ids_absent_participants_csv,1,verified
event_ids_absent_participants_csv,2,verified
event_ids_without_raw_file,1,verified
raw_ids_without_event_files,0,verified
raw_filename_embedded_id_mismatches,0,verified
raw_participants_all_8_tasks_nominal_250hz,78,verified
raw_participants_all_8_tasks_nominal_60hz,5,verified
raw_participants_all_8_tasks_dense_regular_250hz,0,verified
exact_cohort_nominal_250hz,77,verified
primary_universe_specifications,144,frozen
primary_universe_unique_hashes,144,frozen
readiness_unresolved_blockers,0,pass
