decision_family,decision,status,frozen_value,source_or_rationale,unfreeze_condition
"scientific_claim","focal HCI contrast","frozen","Prompt versus Non-prompt","Prompt condition is the randomized between-participant manipulation and remains identifiable while controlling task identity; selected before multiverse effects","none"
"scientific_claim","primary outcome family","frozen","between-AOI transition rate per learning slide, modeled as transition count with log(stimulus_time) offset","depends on detector/AOI assignment while separating transition behavior from variable viewing exposure; AJET reports prompt-group differences in study time","none"
"scientific_claim","expected effect direction","frozen","none specified","robustness study must remain informative whether the focal effect is positive, negative, null, stable, or sensitive","none"
"eye_representation","left-eye branch","frozen","include","raw release contains separate left point-of-regard coordinates","none"
"eye_representation","right-eye branch","frozen","include","raw release contains separate right point-of-regard coordinates","none"
"eye_representation","binocular fusion rule","optional_extension","not part of the 96-specification primary universe","primary universe deliberately uses separate left- and right-eye branches; no implicit binocular averaging","may be added only as a preregistered extension with explicit missing-eye behavior"
"timebase","raw timestamp conversion","frozen","RecordingTime [ms] / 1000 relative to trial start","source descriptor explicitly defines RecordingTime in milliseconds","none"
"coordinate_space","display geometry","frozen","1600 x 900 pixels, top-left display space","source technical validation reports 1600x900 stimulus monitor","none"
"coordinate_space","physical display assumption","frozen_sensitivity_assumption","22-inch diagonal; physical aspect ratio assumed equal to 1600:900 pixel aspect","source reports 22-inch 1600x900 display but not measured panel width/height","retain assumption explicitly in provenance"
"coordinate_space","viewing distance","frozen_sensitivity_family","60 cm; 65 cm; 70 cm branches","source reports participants approximately 60-70 cm from screen; 65 cm is a midpoint sensitivity value, not measured participant distance","none"
"coordinate_space","pixel-to-degree conversion","frozen_formula","derive isotropic px/degree from declared diagonal, pixel aspect and viewing-distance branch","needed for angular detector thresholds; source pixel coordinates are retained reversibly","none"
"validity","canonical import validity","frozen","finite x/y only","syntactic import rule only; not scientific quality acceptance","none"
"preprocessing","interpolation","frozen","none at import","avoid hidden signal modification","may appear later only as an explicit prespecified multiverse family"
"preprocessing","smoothing","frozen","none at import","avoid hidden signal modification","may appear later only as an explicit prespecified multiverse family"
"preprocessing","manual gaze-offset correction","provenance_gate","unknown whether released sample coordinates precede or follow correction","paper reports manual BeGaze gaze-offset correction for correctable recordings","resolve from release metadata/authors if possible; otherwise state upstream limitation"
"event_detection","published BeGaze reference branch","frozen_reference_discrepancy","high-speed saccade-based; min saccade 22 ms; peak-velocity threshold 4 deg/s; min fixation 50 ms","documented exactly in the SRL descriptor; multiple other SMI BeGaze reports use 40 deg/s with the same duration settings, so 4 deg/s is preserved as reported but not treated as a standard/default setting","implementation mapping still requires coordinate/viewing-geometry audit; source clarification desirable"
"event_detection","open I-VT branch","frozen_multiverse","I-VT 30 deg/s + 100 ms and I-VT 40 deg/s + 50 ms; both with explicit 75 ms run-gap rule; no interpolation or merging","source-backed fixed-threshold comparators in srl_detector_plan.csv; neither is claimed to reproduce a proprietary full filter","none"
"event_detection","open I-DT branch","frozen","1 degree dispersion threshold; 100 ms minimum fixation","source-backed dispersion comparator in srl_detector_plan.csv","none"
"event_detection","adaptive velocity branch","diagnostic_outside_primary","eyeprocesspy robust-MAD adaptive detector excluded from primary denominator","implementation is useful diagnostically but lacks externally validated frozen numerical parameters for this study","may be added only as a separately declared diagnostic"
"AOI","nominal geometric AOIs","frozen_multiverse","two pre-results branches: exact_quarters (800x450) and reported_area_center_seam (799x450 with symmetric two-pixel vertical seam)","source reports four quartiles and 359550 px per AOI; exact mathematical quarters are 360000 px, so both the mathematical geometry and a published-area-compatible inferred geometry are retained without selecting by focal effect","archive/vendor AOI labels may validate correspondence but may not remove a branch because of the Prompt result"
"AOI","vendor AOI labels","frozen_reference","retain only as reference assignment","raw export contains AOI Name Left/Right","must not be used to infer the independent geometric AOI boundaries"
"AOI","perturbation envelope","optional_extension","minimum primary AOI uncertainty is already represented by two frozen geometries","exact quarters and published-area-compatible centered seam provide the preregistered primary AOI sensitivity","broader spatial perturbation may be added only before focal-result inspection"
"quality","historical tracking-ratio branch","frozen_reference","80% threshold","documented original exclusion rule","none"
"quality","released-sample branch","frozen","no additional tracking-ratio exclusion beyond the public release; report quality explicitly","avoids silently changing the released population while preserving upstream-selection limitations","none"
"quality","trial-level 80% sensitivity","frozen_sensitivity","stimuli.csv tracking_ratio >= 80%","source descriptor explicitly defines per-stimulus tracking_ratio (%) and the 80% historical recording-level rule; this branch is intentionally a distinct trial-level sensitivity, not a reconstruction of the historical exclusion","none"
"quality","recovery-calibrated quality gate","optional_extension","not part of the minimum primary universe","a recovery-calibrated rule is scientifically attractive but is not required to define the primary quality sensitivity, which already contrasts the released-sample branch with the documented 80% rule","may be added only as a preregistered extension before focal branch inspection"
"model","outcome distribution","frozen","glmmTMB negative-binomial-2 with log link and log(stimulus_time) exposure offset","count outcome with plausible overdispersion; estimator/family fixed before focal branch effects; no fallback estimator on failure","none"
"model","participant dependence","frozen","participant random intercept; Task identity fixed effects","eight repeated learning slides per participant; Prompt is between participants and Task fixed effects block stable page/content differences","none"
"model","focal coefficient","frozen","Prompt minus Non-prompt","primary randomized contrast declared before multiverse effects","none"
"reporting","failed branches","frozen","retain in planned denominator","framework contract","none"
"reporting","significance counting","frozen","do not use p<.05 branch counts as robustness definition","framework contract","none"
"reporting","primary robustness summaries","frozen","direction, magnitude, uncertainty, N, branch status, failure reasons","framework contract","none"

"scientific_claim","material-type contrast identifiability","provenance_gate","Text versus Multimedia remains secondary/descriptive unless stimuli.csv proves modality varies within task/topic identity","published design randomizes presentation order but describes eight fixed study-material pages, four text and four multimedia; one released Task_1..Task_8 image set strongly suggests modality may be nested in content","run audit_srl_identifiability.py on release before causal material-type wording"
"scientific_claim","raw transition count estimand","separate_estimand","analyze without exposure offset only as a separate sensitivity analysis","raw counts mix transition behavior with variable viewing time, so they do not belong in the primary transition-rate robustness denominator","none"
"outcome","primary transition operationalization","frozen","between-AOI change between directly adjacent fixation episodes when both are AOI-assigned and temporally ordered; unassigned fixation breaks chain","common open/reproducible construct across detector branches; source vendor construct is saccade-defined and is retained separately","none"
"outcome","overlapping fixation handling","frozen","trial branch is non-evaluable when adjacent fixation episodes overlap in time","prevents an invalid temporal catalogue from contributing an apparently valid transition count","none"
"outcome","vendor transition comparability","frozen_reference_boundary","released BeGaze saccade-from-AOI-to-AOI transition remains historical reference outside primary denominator","vendor saccade semantics are not assumed identical to the open adjacent-fixation-change operationalization","none"
