generic,class,method
as_eye_biometrics,data.frame,as_eye_biometrics.data.frame
as_eye_biometrics,eye_dataset,as_eye_biometrics.eye_dataset
as_eye_dataset,data.frame,as_eye_dataset.data.frame
as_eye_dataset,default,as_eye_dataset.default
as_eye_dataset,eye_dataset,as_eye_dataset.eye_dataset
as_eye_dataset,gp3_analysis,as_eye_dataset.gp3_analysis
as_eye_dataset,gp3_data,as_eye_dataset.gp3_data
as_eye_dataset,gp3_recording,as_eye_dataset.gp3_recording
as_eye_dataset,gpbiometrics_data,as_eye_dataset.gpbiometrics_data
plot,eye_corpus_validation,plot.eye_corpus_validation
plot,eye_dataset,plot.eye_dataset
plot,eye_format_validation,plot.eye_format_validation
plot,eye_parameter_recovery,plot.eye_parameter_recovery
predict,eyeprocess_model,predict.eyeprocess_model
print,eye_aoi,print.eye_aoi
print,eye_clock_transform,print.eye_clock_transform
print,eye_corpus_validation,print.eye_corpus_validation
print,eye_dataset,print.eye_dataset
print,eye_dynamic_aoi,print.eye_dynamic_aoi
print,eye_feature_spec,print.eye_feature_spec
print,eye_format_detection,print.eye_format_detection
print,eye_format_validation,print.eye_format_validation
print,eye_format_validation_spec,print.eye_format_validation_spec
print,eye_gazepoint_workflow,print.eye_gazepoint_workflow
print,eye_gazepoint_workflow_spec,print.eye_gazepoint_workflow_spec
print,eye_mapping,print.eye_mapping
print,eye_missing_sensitivity,print.eye_missing_sensitivity
print,eye_preprocess_spec,print.eye_preprocess_spec
print,eye_readiness,print.eye_readiness
print,eye_roundtrip_validation,print.eye_roundtrip_validation
print,eye_sensitivity,print.eye_sensitivity
print,eye_strategy_mixture,print.eye_strategy_mixture
print,eye_two_stage_rt,print.eye_two_stage_rt
print,eye_validation,print.eye_validation
print,eyeprocess_model,print.eyeprocess_model
print,gazepoint_summary,print.gazepoint_summary
print,process_irt_spec,print.process_irt_spec
print,summary.eye_dataset,print.summary.eye_dataset
print,summary.eyeprocess_model,print.summary.eyeprocess_model
summary,eye_dataset,summary.eye_dataset
summary,eye_format_validation,summary.eye_format_validation
summary,eye_gazepoint_workflow,summary.eye_gazepoint_workflow
summary,eye_parameter_recovery,summary.eye_parameter_recovery
summary,eyeprocess_model,summary.eyeprocess_model
print,eye_storage,print.eye_storage
print,eye_vendor_validation,print.eye_vendor_validation
plot,eye_vendor_validation,plot.eye_vendor_validation
print,eye_model_validation,print.eye_model_validation
plot,eye_model_validation,plot.eye_model_validation
print,eye_advanced_evidence_audit,print.eye_advanced_evidence_audit
plot,eye_advanced_evidence_audit,plot.eye_advanced_evidence_audit
print,eye_sbc,print.eye_sbc
plot,eye_sbc,plot.eye_sbc
print,eye_engine_comparison,print.eye_engine_comparison
plot,eye_engine_comparison,plot.eye_engine_comparison
print,eye_empirical_reproduction,print.eye_empirical_reproduction
plot,eye_empirical_reproduction,plot.eye_empirical_reproduction
print,eye_grouped_cv,print.eye_grouped_cv
plot,eye_grouped_cv,plot.eye_grouped_cv
print,eye_crossed_grouped_cv,print.eye_crossed_grouped_cv
plot,eye_crossed_grouped_cv,plot.eye_crossed_grouped_cv
print,eye_multiverse,print.eye_multiverse
plot,eye_multiverse,plot.eye_multiverse
print,eye_reporting_audit,print.eye_reporting_audit
plot,eye_reporting_audit,plot.eye_reporting_audit
plot,eye_benchmark,plot.eye_benchmark
print,eye_validation_program,print.eye_validation_program
print,eye_dynamic_irtree,print.eye_dynamic_irtree
plot,eye_dynamic_irtree,plot.eye_dynamic_irtree
print,eye_functional_pupil_irt,print.eye_functional_pupil_irt
plot,eye_functional_pupil_irt,plot.eye_functional_pupil_irt
print,eye_theory_strategy_irt,print.eye_theory_strategy_irt
plot,eye_theory_strategy_irt,plot.eye_theory_strategy_irt
print,eye_gaze_diffusion_irt,print.eye_gaze_diffusion_irt
plot,eye_gaze_diffusion_irt,plot.eye_gaze_diffusion_irt
plot,eye_dynamic_ppc,plot.eye_dynamic_ppc
plot,eye_functional_pupil_diagnostics,plot.eye_functional_pupil_diagnostics
plot,eye_functional_pupil_sensitivity,plot.eye_functional_pupil_sensitivity
plot,eye_model_promotion_audit,plot.eye_model_promotion_audit
plot,eye_roundtrip_loss_audit,plot.eye_roundtrip_loss_audit
plot,eye_storage_benchmark,plot.eye_storage_benchmark
plot,eye_strategy_aoi_sensitivity,plot.eye_strategy_aoi_sensitivity
plot,eye_transition_diagnostics,plot.eye_transition_diagnostics
plot,eye_vendor_compatibility_matrix,plot.eye_vendor_compatibility_matrix
predict,eye_multinomial_transition,predict.eye_multinomial_transition
print,eye_benchmark_reproduction,print.eye_benchmark_reproduction
print,eye_benchmark_study,print.eye_benchmark_study
print,eye_benchmark_validation,print.eye_benchmark_validation
print,eye_diffusion_diagnostics,print.eye_diffusion_diagnostics
print,eye_diffusion_identification_study,print.eye_diffusion_identification_study
print,eye_dynamic_ppc,print.eye_dynamic_ppc
print,eye_dynamic_recovery,print.eye_dynamic_recovery
print,eye_engine_adapter_result,print.eye_engine_adapter_result
print,eye_functional_pupil_data,print.eye_functional_pupil_data
print,eye_functional_pupil_diagnostics,print.eye_functional_pupil_diagnostics
print,eye_functional_pupil_sensitivity,print.eye_functional_pupil_sensitivity
print,eye_functional_scalar_comparison,print.eye_functional_scalar_comparison
print,eye_gaze_diffusion_data,print.eye_gaze_diffusion_data
print,eye_gaze_diffusion_spec,print.eye_gaze_diffusion_spec
print,eye_model_contract_validation,print.eye_model_contract_validation
print,eye_model_promotion_audit,print.eye_model_promotion_audit
print,eye_multinomial_transition,print.eye_multinomial_transition
print,eye_partition_spec,print.eye_partition_spec
print,eye_partitioned_storage,print.eye_partitioned_storage
print,eye_redaction_result,print.eye_redaction_result
print,eye_roundtrip_loss_audit,print.eye_roundtrip_loss_audit
print,eye_strategy_data,print.eye_strategy_data
print,eye_strategy_manipulation_validation,print.eye_strategy_manipulation_validation
print,eye_theory_strategy_spec,print.eye_theory_strategy_spec
print,eye_transition_design,print.eye_transition_design
print,eye_transition_diagnostics,print.eye_transition_diagnostics
print,eye_validation_case_fingerprint,print.eye_validation_case_fingerprint
print,eye_validation_collection,print.eye_validation_collection
print,eye_validation_completion_audit,print.eye_validation_completion_audit
print,eye_validation_job_plan,print.eye_validation_job_plan
print,eye_validation_run,print.eye_validation_run
print,eye_vendor_case,print.eye_vendor_case
print,eye_vendor_compatibility_matrix,print.eye_vendor_compatibility_matrix
print,eye_vendor_semantic_comparison,print.eye_vendor_semantic_comparison
summary,eye_validation_job_plan,summary.eye_validation_job_plan
plot,eye_aoi_composition,plot.eye_aoi_composition
plot,eye_aoi_composition_comparison,plot.eye_aoi_composition_comparison
plot,eye_aoi_composition_model,plot.eye_aoi_composition_model
plot,eye_aoi_separation_audit,plot.eye_aoi_separation_audit
plot,eye_aoi_uncertainty,plot.eye_aoi_uncertainty
plot,eye_bank_decision_stability,plot.eye_bank_decision_stability
plot,eye_calibration_drift,plot.eye_calibration_drift
plot,eye_cross_recurrence,plot.eye_cross_recurrence
plot,eye_crossmodal_recurrence_model,plot.eye_crossmodal_recurrence_model
plot,eye_decision_trace,plot.eye_decision_trace
plot,eye_device_equivalence,plot.eye_device_equivalence
plot,eye_device_linking,plot.eye_device_linking
plot,eye_dif_drift,plot.eye_dif_drift
plot,eye_episode_comparison,plot.eye_episode_comparison
plot,eye_evidence_graph,plot.eye_evidence_graph
plot,eye_fairness_transportability,plot.eye_fairness_transportability
plot,eye_fixation_point_process,plot.eye_fixation_point_process
plot,eye_gaze_point_process_diagnostics,plot.eye_gaze_point_process_diagnostics
plot,eye_item_bank_optimization,plot.eye_item_bank_optimization
plot,eye_item_pareto,plot.eye_item_pareto
plot,eye_mnar_sensitivity,plot.eye_mnar_sensitivity
plot,eye_mnar_tipping_point,plot.eye_mnar_tipping_point
plot,eye_norm_transportability,plot.eye_norm_transportability
plot,eye_phase_amplitude_irt,plot.eye_phase_amplitude_irt
plot,eye_probabilistic_aoi,plot.eye_probabilistic_aoi
plot,eye_process_changepoints,plot.eye_process_changepoints
plot,eye_process_dif,plot.eye_process_dif
plot,eye_process_dstudy,plot.eye_process_dstudy
plot,eye_process_episodes,plot.eye_process_episodes
plot,eye_process_gstudy,plot.eye_process_gstudy
plot,eye_process_norms,plot.eye_process_norms
plot,eye_process_observation_model,plot.eye_process_observation_model
plot,eye_process_reliability_audit,plot.eye_process_reliability_audit
plot,eye_process_uncertainty,plot.eye_process_uncertainty
plot,eye_process_uncertainty_propagation,plot.eye_process_uncertainty_propagation
plot,eye_provenance_comparison,plot.eye_provenance_comparison
plot,eye_pupil_phase_amplitude,plot.eye_pupil_phase_amplitude
plot,eye_pupil_registration,plot.eye_pupil_registration
plot,eye_recalibration_audit,plot.eye_recalibration_audit
plot,eye_recurrence,plot.eye_recurrence
plot,eye_scanpath_bootstrap,plot.eye_scanpath_bootstrap
plot,eye_scanpath_comparison,plot.eye_scanpath_comparison
plot,eye_scanpath_representative,plot.eye_scanpath_representative
plot,eye_uncertainty_budget_comparison,plot.eye_uncertainty_budget_comparison
plot,eye_windowed_recurrence,plot.eye_windowed_recurrence
plot_diagnostics,default,plot_diagnostics.default
plot_diagnostics,eye_mi_result,plot_diagnostics.eye_mi_result
plot_evidence,default,plot_evidence.default
plot_evidence,eye_mi_result,plot_evidence.eye_mi_result
plot_sensitivity,default,plot_sensitivity.default
plot_sensitivity,eye_mi_result,plot_sensitivity.eye_mi_result
print,eye_mi_result,print.eye_mi_result
print,eye_plot_spec,print.eye_plot_spec
print,eye_process_uncertainty_spec,print.eye_process_uncertainty_spec
plot,eye_adapter_regression_audit,plot.eye_adapter_regression_audit
plot,eye_bids_roundtrip,plot.eye_bids_roundtrip
plot,eye_compatibility_evidence_matrix,plot.eye_compatibility_evidence_matrix
plot,eye_event_roundtrip_audit,plot.eye_event_roundtrip_audit
plot,eye_event_time_irt,plot.eye_event_time_irt
plot,eye_gaze_informed_missingness_irt,plot.eye_gaze_informed_missingness_irt
plot,eye_gpirt,plot.eye_gpirt
plot,eye_incremental_information_audit,plot.eye_incremental_information_audit
plot,eye_irt_changepoints,plot.eye_irt_changepoints
plot,eye_irt_equating,plot.eye_irt_equating
plot,eye_irt_ppc,plot.eye_irt_ppc
plot,eye_irt_recovery_summary,plot.eye_irt_recovery_summary
plot,eye_irt_sbc,plot.eye_irt_sbc
plot,eye_joint_gaze_rt_irt,plot.eye_joint_gaze_rt_irt
plot,eye_joint_graded_rt_process_irt,plot.eye_joint_graded_rt_process_irt
plot,eye_latent_distribution_comparison,plot.eye_latent_distribution_comparison
plot,eye_latent_space_irt,plot.eye_latent_space_irt
plot,eye_manyfacet_process_irt,plot.eye_manyfacet_process_irt
plot,eye_nominal_gaze_irt,plot.eye_nominal_gaze_irt
plot,eye_omission_survival_irt,plot.eye_omission_survival_irt
plot,eye_process_cat_simulation,plot.eye_process_cat_simulation
plot,eye_process_channel_ablation,plot.eye_process_channel_ablation
plot,eye_process_dependent_discrimination,plot.eye_process_dependent_discrimination
plot,eye_process_facet_effects,plot.eye_process_facet_effects
plot,eye_process_g_study,plot.eye_process_g_study
plot,eye_process_hmm_irt,plot.eye_process_hmm_irt
plot,eye_process_local_dependence_audit,plot.eye_process_local_dependence_audit
plot,eye_process_negative_control,plot.eye_process_negative_control
plot,eye_process_person_fit,plot.eye_process_person_fit
plot,eye_sbc_audit,plot.eye_sbc_audit
plot,eye_semantic_roundtrip,plot.eye_semantic_roundtrip
plot,eye_vendor_semantic_validation,plot.eye_vendor_semantic_validation
predict,eye_censored_normal_process_irt,predict.eye_censored_normal_process_irt
print,eye_irt_evidence_grade,print.eye_irt_evidence_grade
print,eye_irt_model_spec,print.eye_irt_model_spec
print,eye_irt_validation_spec,print.eye_irt_validation_spec
print,eye_process_negative_control,print.eye_process_negative_control
print,eye_vendor_schema_contract,print.eye_vendor_schema_contract
plot,eye_aoi_growth_curve,plot.eye_aoi_growth_curve
plot,eye_aoi_trajectory,plot.eye_aoi_trajectory
plot,eye_bayesian_process_dashboard,plot.eye_bayesian_process_dashboard
plot,eye_biometric_imputation_sensitivity,plot.eye_biometric_imputation_sensitivity
plot,eye_biometric_preflight,plot.eye_biometric_preflight
plot,eye_candidate_item_bank_audit,plot.eye_candidate_item_bank_audit
plot,eye_decision_process_proxy,plot.eye_decision_process_proxy
plot,eye_gated_process_model,plot.eye_gated_process_model
plot,eye_gaze_anchored_3pl_audit,plot.eye_gaze_anchored_3pl_audit
plot,eye_item_parameter_seed,plot.eye_item_parameter_seed
plot,eye_item_reduction_sensitivity,plot.eye_item_reduction_sensitivity
plot,eye_latent_process_alignment,plot.eye_latent_process_alignment
plot,eye_mixture_irt_process,plot.eye_mixture_irt_process
plot,eye_multiblock_process_map,plot.eye_multiblock_process_map
plot,eye_nonparametric_rasch_audit,plot.eye_nonparametric_rasch_audit
plot,eye_preaction_process_features,plot.eye_preaction_process_features
plot,eye_presentation_accessibility,plot.eye_presentation_accessibility
plot,eye_presentation_fairness_comparison,plot.eye_presentation_fairness_comparison
plot,eye_process_anomaly_audit,plot.eye_process_anomaly_audit
plot,eye_process_drift_audit,plot.eye_process_drift_audit
plot,eye_process_external_validity,plot.eye_process_external_validity
plot,eye_process_feature_blocks,plot.eye_process_feature_blocks
plot,eye_process_profile_mixture,plot.eye_process_profile_mixture
plot,eye_process_rasch_tree,plot.eye_process_rasch_tree
plot,eye_process_window_sensitivity,plot.eye_process_window_sensitivity
plot,eye_process_windows,plot.eye_process_windows
plot,eye_pupil_confound_model,plot.eye_pupil_confound_model
plot,eye_pupil_deconvolution,plot.eye_pupil_deconvolution
plot,eye_pupil_fatigue_drift,plot.eye_pupil_fatigue_drift
plot,eye_pupil_frequency_features,plot.eye_pupil_frequency_features
plot,eye_pupil_frequency_stability,plot.eye_pupil_frequency_stability
plot,eye_signal_filter_audit,plot.eye_signal_filter_audit
plot,eye_streaming_score,plot.eye_streaming_score
plot,eye_validation_bundle,plot.eye_validation_bundle
plot,eye_visual_context_irt,plot.eye_visual_context_irt
print,eye_gated_process_model,print.eye_gated_process_model
print,eye_process_drift_spec,print.eye_process_drift_spec
print,eye_process_preflight_spec,print.eye_process_preflight_spec
print,eye_process_window_spec,print.eye_process_window_spec
print,eye_validation_bundle,print.eye_validation_bundle
print,eye_visual_context_registry,print.eye_visual_context_registry
summary,eye_validation_bundle,summary.eye_validation_bundle
plot,eye_analysis_pipeline,plot.eye_analysis_pipeline
plot,eye_api_audit,plot.eye_api_audit
plot,eye_benchmark_result,plot.eye_benchmark_result
plot,eye_calibration_drift_profile,plot.eye_calibration_drift_profile
plot,eye_calibration_error_model,plot.eye_calibration_error_model
plot,eye_data_quality_profile,plot.eye_data_quality_profile
plot,eye_decision_manifest,plot.eye_decision_manifest
plot,eye_decision_stability,plot.eye_decision_stability
plot,eye_measurement_error_budget,plot.eye_measurement_error_budget
plot,eye_pipeline_audit,plot.eye_pipeline_audit
plot,eye_probabilistic_aoi_assignment,plot.eye_probabilistic_aoi_assignment
plot,eye_process_negative_controls,plot.eye_process_negative_controls
plot,eye_process_reliability_profile,plot.eye_process_reliability_profile
plot,eye_process_sensitivity,plot.eye_process_sensitivity
plot,eye_process_stress_test,plot.eye_process_stress_test
plot,eye_process_validation_design,plot.eye_process_validation_design
plot,eye_process_validation_result,plot.eye_process_validation_result
plot,eye_prov_graph,plot.eye_prov_graph
plot,eye_pupil_baseline_sensitivity,plot.eye_pupil_baseline_sensitivity
plot,eye_reproducibility_comparison,plot.eye_reproducibility_comparison
plot,eye_sampling_irregularity_audit,plot.eye_sampling_irregularity_audit
plot,eye_sbc_diagnostics,plot.eye_sbc_diagnostics
plot,eye_software_paper_evidence,plot.eye_software_paper_evidence
plot,eye_temporal_leakage_audit,plot.eye_temporal_leakage_audit
plot,eye_validation_reference_comparison,plot.eye_validation_reference_comparison
print,eye_analysis_pipeline,print.eye_analysis_pipeline
print,eye_analysis_resolution_guard,print.eye_analysis_resolution_guard
print,eye_analysis_spec,print.eye_analysis_spec
print,eye_api_audit,print.eye_api_audit
print,eye_benchmark_result,print.eye_benchmark_result
print,eye_calibration_error_model,print.eye_calibration_error_model
print,eye_data_quality_profile,print.eye_data_quality_profile
print,eye_decision_manifest,print.eye_decision_manifest
print,eye_pipeline_run,print.eye_pipeline_run
print,eye_process_measure_registry,print.eye_process_measure_registry
print,eye_process_negative_controls,print.eye_process_negative_controls
print,eye_process_reliability_profile,print.eye_process_reliability_profile
print,eye_process_sensitivity,print.eye_process_sensitivity
print,eye_process_stress_test,print.eye_process_stress_test
print,eye_process_validation_design,print.eye_process_validation_design
print,eye_process_validation_result,print.eye_process_validation_result
print,eye_prov_graph,print.eye_prov_graph
print,eye_reproducibility_comparison,print.eye_reproducibility_comparison
print,eye_reproducibility_fingerprint,print.eye_reproducibility_fingerprint
print,eye_sbc_diagnostics,print.eye_sbc_diagnostics
print,eye_software_paper_evidence,print.eye_software_paper_evidence
print,eye_software_paper_readiness,print.eye_software_paper_readiness
print,eye_temporal_leakage_audit,print.eye_temporal_leakage_audit
summary,eye_process_validation_result,summary.eye_process_validation_result
plot,eye_cdm_qmatrix_audit,plot.eye_cdm_qmatrix_audit
plot,eye_irt_adaptive_trace,plot.eye_irt_adaptive_trace
plot,eye_irt_bank_coverage,plot.eye_irt_bank_coverage
plot,eye_irt_dif_curve,plot.eye_irt_dif_curve
plot,eye_irt_dtf_curve,plot.eye_irt_dtf_curve
plot,eye_irt_fit_dashboard,plot.eye_irt_fit_dashboard
plot,eye_irt_identification_audit,plot.eye_irt_identification_audit
plot,eye_irt_information_profile,plot.eye_irt_information_profile
plot,eye_irt_item_fit,plot.eye_irt_item_fit
plot,eye_irt_link_stability,plot.eye_irt_link_stability
plot,eye_irt_missing_design_audit,plot.eye_irt_missing_design_audit
plot,eye_irt_person_fit,plot.eye_irt_person_fit
plot,eye_irt_prior_sensitivity,plot.eye_irt_prior_sensitivity
plot,eye_irt_process_alignment,plot.eye_irt_process_alignment
plot,eye_irt_q3_matrix,plot.eye_irt_q3_matrix
plot,eye_irt_recovery_result,plot.eye_irt_recovery_result
plot,eye_irt_sbc_evidence,plot.eye_irt_sbc_evidence
plot,eye_irt_score_uncertainty,plot.eye_irt_score_uncertainty
plot,eye_irt_sparse_design_audit,plot.eye_irt_sparse_design_audit
plot,eye_irt_targeting_gap,plot.eye_irt_targeting_gap
plot,eye_irt_test_characteristic_curve,plot.eye_irt_test_characteristic_curve
plot,eye_validation_atlas_freeze,plot.eye_validation_atlas_freeze
plot,eye_validation_evidence_atlas,plot.eye_validation_evidence_atlas
plot,eye_validation_evidence_freeze,plot.eye_validation_evidence_freeze
plot,eye_validation_evidence_grade,plot.eye_validation_evidence_grade
plot,eye_validation_readiness,plot.eye_validation_readiness
print,eye_cdm_qmatrix_audit,print.eye_cdm_qmatrix_audit
print,eye_external_irt_fit,print.eye_external_irt_fit
print,eye_gated_irt_engine,print.eye_gated_irt_engine
print,eye_irt_bank_coverage,print.eye_irt_bank_coverage
print,eye_irt_fit_dashboard,print.eye_irt_fit_dashboard
print,eye_irt_identification_audit,print.eye_irt_identification_audit
print,eye_irt_link,print.eye_irt_link
print,eye_irt_missing_design_audit,print.eye_irt_missing_design_audit
print,eye_irt_model_card,print.eye_irt_model_card
print,eye_irt_recovery_result,print.eye_irt_recovery_result
print,eye_irt_score,print.eye_irt_score
print,eye_irt_sparse_design_audit,print.eye_irt_sparse_design_audit
print,eye_irt_targeting_gap,print.eye_irt_targeting_gap
print,eye_joint_process_irt_spec,print.eye_joint_process_irt_spec
print,eye_validation_atlas_freeze,print.eye_validation_atlas_freeze
print,eye_validation_evidence_atlas,print.eye_validation_evidence_atlas
print,eye_validation_evidence_freeze,print.eye_validation_evidence_freeze
print,eye_validation_evidence_grade,print.eye_validation_evidence_grade
print,eye_validation_evidence_plan,print.eye_validation_evidence_plan
print,eye_validation_readiness,print.eye_validation_readiness
print,eyeprocess_irt_model_spec,print.eyeprocess_irt_model_spec
print,eye_stress_evidence_result,print.eye_stress_evidence_result
plot,eye_stress_evidence_result,plot.eye_stress_evidence_result
plot,eye_multimodal_measurement,plot.eye_multimodal_measurement
plot,eye_multimodal_simulation,plot.eye_multimodal_simulation
plot,eye_multimodal_validation,plot.eye_multimodal_validation
plot,eye_process_information,plot.eye_process_information
print,eye_multimodal_ablation,print.eye_multimodal_ablation
print,eye_multimodal_audit,print.eye_multimodal_audit
print,eye_multimodal_irt_spec,print.eye_multimodal_irt_spec
print,eye_multimodal_measurement,print.eye_multimodal_measurement
print,eye_multimodal_simulation,print.eye_multimodal_simulation
print,eye_multimodal_validation,print.eye_multimodal_validation
print,eye_process_information,print.eye_process_information
print,eye_multimodal_irt_fit_0_10_dev,print.eye_multimodal_irt_fit_0_10_dev
summary,eye_multimodal_irt_fit_0_10_dev,summary.eye_multimodal_irt_fit_0_10_dev
plot,eye_multimodal_m2_fit,plot.eye_multimodal_m2_fit
plot,eye_multimodal_m2_simulation,plot.eye_multimodal_m2_simulation
plot,eye_multimodal_m2_information,plot.eye_multimodal_m2_information
plot,eye_multimodal_m2_negative_controls,plot.eye_multimodal_m2_negative_controls
plot,eye_multimodal_m2_ppc,plot.eye_multimodal_m2_ppc
plot,eye_multimodal_m2_recovery,plot.eye_multimodal_m2_recovery
plot,eye_multimodal_m2_validation,plot.eye_multimodal_m2_validation
print,eye_multimodal_m2_ablation,print.eye_multimodal_m2_ablation
print,eye_multimodal_m2_fit,print.eye_multimodal_m2_fit
print,eye_multimodal_m2_identifiability,print.eye_multimodal_m2_identifiability
print,eye_multimodal_m2_information,print.eye_multimodal_m2_information
print,eye_multimodal_m2_negative_controls,print.eye_multimodal_m2_negative_controls
print,eye_multimodal_m2_ppc,print.eye_multimodal_m2_ppc
print,eye_multimodal_m2_recovery,print.eye_multimodal_m2_recovery
print,eye_multimodal_m2_simulation,print.eye_multimodal_m2_simulation
print,eye_multimodal_m2_spec,print.eye_multimodal_m2_spec
print,eye_multimodal_m2_validation,print.eye_multimodal_m2_validation
print,summary.eye_multimodal_m2_fit,print.summary.eye_multimodal_m2_fit
summary,eye_multimodal_m2_fit,summary.eye_multimodal_m2_fit
coef,eye_multimodal_m3_fit,coef.eye_multimodal_m3_fit
fitted,eye_multimodal_m3_fit,fitted.eye_multimodal_m3_fit
residuals,eye_multimodal_m3_fit,residuals.eye_multimodal_m3_fit
summary,eye_multimodal_m3_fit,summary.eye_multimodal_m3_fit
print,summary.eye_multimodal_m3_fit,print.summary.eye_multimodal_m3_fit
print,eye_multimodal_m3_spec,print.eye_multimodal_m3_spec
print,eye_multimodal_m3_fit,print.eye_multimodal_m3_fit
print,eye_multimodal_m3_simulation,print.eye_multimodal_m3_simulation
print,eye_multimodal_m3_identifiability,print.eye_multimodal_m3_identifiability
print,eye_multimodal_m3_ppc,print.eye_multimodal_m3_ppc
print,eye_multimodal_m3_ablation,print.eye_multimodal_m3_ablation
print,eye_multimodal_m3_information,print.eye_multimodal_m3_information
print,eye_multimodal_m3_negative_controls,print.eye_multimodal_m3_negative_controls
print,eye_multimodal_m3_functional_bridge,print.eye_multimodal_m3_functional_bridge
print,eye_multimodal_m3_validation,print.eye_multimodal_m3_validation
print,eye_multimodal_m3_recovery,print.eye_multimodal_m3_recovery
plot,eye_multimodal_m3_fit,plot.eye_multimodal_m3_fit
plot,eye_multimodal_m3_simulation,plot.eye_multimodal_m3_simulation
plot,eye_multimodal_m3_identifiability,plot.eye_multimodal_m3_identifiability
plot,eye_multimodal_m3_ppc,plot.eye_multimodal_m3_ppc
plot,eye_multimodal_m3_information,plot.eye_multimodal_m3_information
plot,eye_multimodal_m3_negative_controls,plot.eye_multimodal_m3_negative_controls
plot,eye_multimodal_m3_validation,plot.eye_multimodal_m3_validation
plot,eye_multimodal_m3_recovery,plot.eye_multimodal_m3_recovery
coef,eye_multimodal_m4_fit,coef.eye_multimodal_m4_fit
fitted,eye_multimodal_m4_fit,fitted.eye_multimodal_m4_fit
residuals,eye_multimodal_m4_fit,residuals.eye_multimodal_m4_fit
summary,eye_multimodal_m4_fit,summary.eye_multimodal_m4_fit
print,summary.eye_multimodal_m4_fit,print.summary.eye_multimodal_m4_fit
print,eye_multimodal_m4_spec,print.eye_multimodal_m4_spec
print,eye_multimodal_m4_fit,print.eye_multimodal_m4_fit
print,eye_multimodal_m4_simulation,print.eye_multimodal_m4_simulation
print,eye_multimodal_m4_identifiability,print.eye_multimodal_m4_identifiability
print,eye_multimodal_m4_states,print.eye_multimodal_m4_states
print,eye_multimodal_m4_ppc,print.eye_multimodal_m4_ppc
print,eye_multimodal_m4_ablation,print.eye_multimodal_m4_ablation
print,eye_multimodal_m4_information,print.eye_multimodal_m4_information
print,eye_multimodal_m4_negative_controls,print.eye_multimodal_m4_negative_controls
print,eye_multimodal_m4_sensitivity,print.eye_multimodal_m4_sensitivity
print,eye_multimodal_m4_recovery,print.eye_multimodal_m4_recovery
print,eye_multimodal_m4_validation,print.eye_multimodal_m4_validation
plot,eye_multimodal_m4_simulation,plot.eye_multimodal_m4_simulation
plot,eye_multimodal_m4_fit,plot.eye_multimodal_m4_fit
plot,eye_multimodal_m4_states,plot.eye_multimodal_m4_states
plot,eye_multimodal_m4_identifiability,plot.eye_multimodal_m4_identifiability
plot,eye_multimodal_m4_ppc,plot.eye_multimodal_m4_ppc
plot,eye_multimodal_m4_information,plot.eye_multimodal_m4_information
plot,eye_multimodal_m4_negative_controls,plot.eye_multimodal_m4_negative_controls
plot,eye_multimodal_m4_sensitivity,plot.eye_multimodal_m4_sensitivity
plot,eye_multimodal_m4_recovery,plot.eye_multimodal_m4_recovery
plot,eye_multimodal_m4_validation,plot.eye_multimodal_m4_validation
