source_id,theme,citation,venue,doi_or_url,evidence_status,what_it_establishes,what_it_does_not_establish,positioning_role
"steegen2016","analytical_flexibility","Steegen S.; Tuerlinckx F.; Gelman A.; Vanpaemel W. (2016). Increasing Transparency Through a Multiverse Analysis.","Perspectives on Psychological Science","10.1177/1745691616658637","verified_2026-10-01","Data-processing choices can be represented as a multiverse of reasonable processed datasets and analyzed collectively rather than hiding one path.","Does not address eye-tracking measurement stages or HCI-specific gaze constructs.","General foundation for treating reasonable preprocessing alternatives as explicit uncertainty."
"silberzahn2018","analytical_flexibility","Silberzahn R. et al. (2018). Many Analysts, One Data Set: Making Transparent How Variations in Analytic Choices Affect Results.","Advances in Methods and Practices in Psychological Science","10.1177/2515245917747646","verified_2026-10-01","Different expert teams can reach materially different numerical conclusions from the same research question and data through defensible analytic choices.","Does not isolate measurement uncertainty in eye tracking and is not a prespecified single-analyst measurement multiverse.","Motivates conclusion-level accountability for analytic decisions."
"simonsohn2020","specification_curve","Simonsohn U.; Simmons J.P.; Nelson L.D. (2020). Specification curve analysis.","Nature Human Behaviour","10.1038/s41562-020-0912-z","verified_2026-10-01","Specification-curve analysis formalizes a justified specification set, graphical display of consequential decisions, and collective interpretation across specifications.","Does not prescribe which eye-tracking measurement dimensions are defensible or how raw gaze should be mapped to HCI constructs.","Methodological foundation for finite specification universes and decision-linked visualization."
"liu2021_boba","hci_multiverse_tooling","Liu Y.; Kale A.; Althoff T.; Heer J. (2021). Boba: Authoring and Visualizing Multiverse Analyses.","IEEE Transactions on Visualization and Computer Graphics","10.1109/TVCG.2020.3028985","verified_2026-10-01","Provides an integrated language and visual system for authoring and reviewing multiverse analyses and linking results to analytic decision spaces.","Does not address eye-tracking measurement validity, detector/AOI uncertainty, or a claim-centered gaze workflow.","Shows multiverse analysis is already an HCI/visual-analytics systems problem; novelty cannot rest on multiverse tooling alone."
"sarma2023","hci_multiverse_tooling","Sarma A. et al. (2023). multiverse: Multiplexing Alternative Data Analyses in R Notebooks.","CHI 2023","10.1145/3544548.3580726","verified_2026-10-01","Shows direct CHI interest in making alternative analyses authorable and inspectable within notebook workflows.","Does not provide an eye-tracking-specific measurement model or downstream claim-propagation study.","Positions the contribution as a measurement methodology for HCI rather than a new multiverse interface."
"peelle2021","eye_tracking_analytic_flexibility","Peelle J.E.; Van Engen K.J. (2021). Time Stand Still: Effects of Temporal Window Selection on Eye Tracking Analysis.","Collabra: Psychology","10.1525/collabra.25961","verified_2026-10-01","Across 8,281 visual-world time windows, reasonable temporal-window choices changed estimates and p-values and could reverse coefficient signs.","Varies one temporal-selection family while holding the broader gaze measurement pipeline largely fixed.","Direct precedent that an eye-tracking analysis decision can alter substantive inference; narrows our contribution to cross-stage propagation."
"godwin2025","eye_tracking_multiverse","Godwin H.J.; Lee C.E.; Drieghe D. (2025). A multiverse analysis of cleaning and analyzing procedures of eye movement data during reading.","Behavior Research Methods","10.3758/s13428-025-02689-0","verified_2026-10-01","Evaluates 1,890 reasonable cleaning and analysis pipelines for a canonical reading effect, demonstrating that eye-movement research already has explicit multiverse analysis.","Focuses on reading-data cleaning/analysis choices rather than a cross-stage raw-gaze measurement chain spanning geometry, detector, eye, AOI, quality, and downstream HCI process construction.","Critical novelty boundary: we must not claim multiverse analysis is new to eye tracking."
"andersson2017","event_detection","Andersson R.; Larsson L.; Holmqvist K.; Stridh M.; Nyström M. (2017). One algorithm to rule them all? An evaluation and discussion of ten eye movement event-detection algorithms.","Behavior Research Methods","10.3758/s13428-016-0738-9","verified_2026-10-01","Ten event detectors produced substantially different event durations; fixation-detector rankings depended on evaluation method and stimulus context, making a single universal winner difficult to identify.","Does not propagate detector alternatives through one fixed substantive HCI coefficient and does not address the interaction with viewing geometry/AOI/quality choices.","Establishes event detection as a consequential measurement decision and supports avoiding detector-winner claims."
"nystrom2010","event_detection","Nyström M.; Holmqvist K. (2010). An adaptive algorithm for fixation, saccade, and glissade detection in eyetracking data.","Behavior Research Methods","10.3758/BRM.42.1.188","verified_branch_evidence","Develops adaptive velocity-based event classification intended to reduce dependence on fixed thresholds and accommodate signal properties.","Does not remove all detector uncertainty or define a universal ground truth.","Algorithm-family background; reinforces that event representation is an explicit measurement model."
"dar2021","event_detection_geometry","Dar A.H.; Wagner A.S.; Hanke M. (2021). REMoDNaV: robust eye-movement classification for dynamic stimulation.","Behavior Research Methods","10.3758/s13428-020-01428-x","verified_2026-10-01","Provides open adaptive event classification validated on static/dynamic and lower-quality datasets; its analyses explicitly use stimulus geometry and viewing distance when interpreting gaze in visual-angle units.","Does not imply that REMoDNaV or any open detector is the correct representation for the SRL data; its dense-time-series requirements also introduce additional preprocessing decisions.","Supports detector generalization, geometry provenance, and the decision to keep unsupported resampling out of the frozen SRL denominator."
"hessels2016","aoi_definition","Hessels R.S.; Kemner C.; van den Boomen C.; Hooge I.T.C. (2016). The area-of-interest problem in eyetracking research: A noise-robust solution for face and sparse stimuli.","Behavior Research Methods","10.3758/s13428-015-0676-y","verified_2026-10-01","AOIs for similar stimuli can vary in shape, size, and location; subjective AOI choices impede comparison and can change assignment under spatial noise.","Does not show that all AOI uncertainty materially changes every downstream statistical claim.","Establishes AOI geometry as a measurement decision that should be declared and, when ambiguous, audited."
"holmqvist2012","data_quality","Holmqvist K.; Nyström M.; Mulvey F. (2012). Eye tracker data quality: what it is and how to measure it.","ETRA 2012","10.1145/2168556.2168563","verified_2026-10-01","Defines and motivates explicit eye-tracker data-quality measurement, including accuracy and precision, as necessary for validity and comparability.","Does not prescribe one universal quality exclusion threshold or quantify downstream claim sensitivity to competing quality rules.","Supports treating quality as an explicit measurement dimension rather than invisible preprocessing."
"orquin2018","validity_reproducibility","Orquin J.L.; Holmqvist K. (2018). Threats to the validity of eye-movement research in psychology.","Behavior Research Methods","10.3758/s13428-017-0998-z","verified_2026-10-01","Catalogues methodological threats across design, preprocessing, analysis, and interpretation and explicitly links common eye-tracking practices to validity concerns.","Does not provide a complete prespecified cross-stage multiverse for one substantive claim.","Broad validity rationale for treating the measurement pipeline as part of inferential design."
"dunn2024","reporting_reproducibility","Dunn M.J. et al. (2024). Minimal reporting guideline for research involving eye tracking (2023 edition).","Behavior Research Methods","10.3758/s13428-023-02187-1","verified_2026-10-01","Provides a community-developed minimum reporting checklist intended to improve reproducibility, critical appraisal, and comparability of eye-tracking methods/results.","Reporting a chosen pipeline does not by itself quantify uncertainty across multiple defensible pipelines.","Separates our robustness contribution from reporting completeness: transparency is necessary but not sufficient for sensitivity evidence."
"feit2017","hci_gaze_quality","Feit A.M.; Williams S.; Toledo A.; Paradiso A.; Kulkarni H.; Kane S.; Morris M.R. (2017). Toward Everyday Gaze Input: Accuracy and Precision of Eye Tracking and Implications for Design.","CHI 2017","10.1145/3025453.3025599","verified_2026-10-01","In an HCI gaze-input study, accuracy and precision varied strongly across users, targets, trackers, lighting, and screen regions, with direct implications for filters and interface design.","Does not test whether those measurement variations change a fixed inferential HCI coefficient.","HCI-specific evidence that gaze measurement properties are heterogeneous and consequential."
"grootjen2024","hci_preprocessing_quality","Grootjen J.W.; Weingärtner H.; Mayer S. (2024). Uncovering and Addressing Blink-Related Challenges in Using Eye Tracking for Interactive Systems.","CHI 2024","10.1145/3613904.3642086","verified_2026-10-01","Shows that blink handling and associated preprocessing choices can affect eye-tracking data quality and accuracy in interactive-system research and proposes processing guidance.","Does not provide cross-stage claim robustness or justify one universal processing pipeline for all HCI studies.","Recent CHI-specific example that low-level preprocessing can be consequential for interactive eye tracking."
"jurik2025","primary_dataset","Juřík V.; Juhaňák L.; Ružičková A.; Dostálová N.; Juříková Z. (2025). Experimental Dataset on Eye-tracking Activity During Self-Regulated Learning.","Scientific Data","10.1038/s41597-025-05304-1","verified_branch_evidence","Documents the SRL dataset, Prompt/Non-prompt design, sample-level gaze, stimulus/AOI context, and historical BeGaze processing used by the primary case.","Does not specify every downstream reconstruction decision needed for an open raw-to-claim robustness analysis; several geometry/event-provenance ambiguities required pre-result audit.","Empirical source for the complete-pipeline claim-propagation case, not the methodological novelty source."
