detector_a,detector_b,eye,trial_family,median_fixation_jaccard
ivt_30_100_simple,idt_1_100,left,gaze_pattern_auth,0.2612359550561798
ivt_30_100_simple,idt_1_100,left,natural_image,0.1595420777006453
ivt_30_100_simple,idt_1_100,left,password,0.3322368421052631
ivt_30_100_simple,idt_1_100,left,web_news,0.097633691722616
ivt_30_100_simple,idt_1_100,left,web_shopping,0.1842403264747986
ivt_30_100_simple,idt_1_100,left,web_video,0.2079304267682084
ivt_30_100_simple,idt_1_100,right,gaze_pattern_auth,0.2288395444436956
ivt_30_100_simple,idt_1_100,right,natural_image,0.0916666666666666
ivt_30_100_simple,idt_1_100,right,password,0.3246913580246913
ivt_30_100_simple,idt_1_100,right,web_news,0.1498431028310038
ivt_30_100_simple,idt_1_100,right,web_shopping,0.1862778419776584
ivt_30_100_simple,idt_1_100,right,web_video,0.2437587861748024
ivt_30_100_simple,ivt_40_50_simple,left,gaze_pattern_auth,0.3166659452908587
ivt_30_100_simple,ivt_40_50_simple,left,natural_image,0.2384615384615384
ivt_30_100_simple,ivt_40_50_simple,left,password,0.3723404255319149
ivt_30_100_simple,ivt_40_50_simple,left,web_news,0.1440703070998321
ivt_30_100_simple,ivt_40_50_simple,left,web_shopping,0.2536726235841679
ivt_30_100_simple,ivt_40_50_simple,left,web_video,0.2614789094338365
ivt_30_100_simple,ivt_40_50_simple,right,gaze_pattern_auth,0.290067415730337
ivt_30_100_simple,ivt_40_50_simple,right,natural_image,0.1666666666666666
ivt_30_100_simple,ivt_40_50_simple,right,password,0.401444380569129
ivt_30_100_simple,ivt_40_50_simple,right,web_news,0.1945790080084123
ivt_30_100_simple,ivt_40_50_simple,right,web_shopping,0.2527819636026429
ivt_30_100_simple,ivt_40_50_simple,right,web_video,0.3008713916721069
ivt_40_50_simple,idt_1_100,left,gaze_pattern_auth,0.672972972972973
ivt_40_50_simple,idt_1_100,left,natural_image,0.61198107821548
ivt_40_50_simple,idt_1_100,left,password,0.6738768718801996
ivt_40_50_simple,idt_1_100,left,web_news,0.5668080708025582
ivt_40_50_simple,idt_1_100,left,web_shopping,0.6560805776099078
ivt_40_50_simple,idt_1_100,left,web_video,0.6134463705922488
ivt_40_50_simple,idt_1_100,right,gaze_pattern_auth,0.6629107981220657
ivt_40_50_simple,idt_1_100,right,natural_image,0.5264550264550265
ivt_40_50_simple,idt_1_100,right,password,0.7549194991055456
ivt_40_50_simple,idt_1_100,right,web_news,0.6327217936769514
ivt_40_50_simple,idt_1_100,right,web_shopping,0.6270310192023634
ivt_40_50_simple,idt_1_100,right,web_video,0.6037945078430582
