file,bytes,sha256
summary/SUMMARY.md,628,70270a29f1bde7d8845fec6a86610d77c19e84689c3e19bd95726c1dfade41c1
summary/mcfw_validation_status.csv,284,9fd43af967ad9855d4e422e43f4cd271b50e1038030d0b1f9a99d97eaee62f38
summary/mcfw_pairwise_overall.csv,9601,8afe08a53ab284655f53677efc09eb2d6dcefca6fbda88373f2afe157f4b08cf
summary/mcfw_pairwise_by_context.csv,66214,eca8b1acc4cda35b7b21af6d10c9b658155a3fcf3aa75407e1bc99ae6b2dc479
summary/mcfw_quality_association.csv,36913,e50a884774f5902d3818e71a468a14fe709f5abf2a75a9f55609a665ab2c271a
summary/mcfw_context_profile.csv,7661,c22f602a8d480515e7f178643167760b6754a2f7e95fcf0b14f8760b5a9a8105
ANALYSIS_PROVENANCE.txt,421,909009962ee0114fc5c913ceaabe3459a28f063cf1761261162fb144f6958e32
results/mcfw_detector_event_summaries.csv,8832110,87cb9b554e6df805bdadc6daeb5a1aa45ce48dfd5d9003da0c2bbea408fbc66d
results/mcfw_detector_pairwise_agreement.csv,10438263,eea2074c63e9c9ffb754a4e75869d828c589ee98f5c44bb6360284ac046af3e6
results/mcfw_detector_failures.csv,457,5220ce0bd2cee5835b88f6e880eb51b19873e82035f042ead23cc9c748095f21
results/mcfw_detector_warnings.csv,24894,620a0566a9873ac2fe9d3e2f0ee62a775d09bbddafc47b14078b9ca4787ddf72
source/download_integrity.txt,227,40cf57fb2495ff9b62f10d0f39568f946bec0f7fef34cb4aa55cfce6de134f7b
