viewing_distance_cm,detector_id,planned_specifications,positive_point_estimates,negative_point_estimates,median_log_rate_ratio,minimum_log_rate_ratio,maximum_log_rate_ratio,median_rate_ratio,ci_excludes_null
60.0,idt_1_100,16,16,0,0.192912013828188,0.176593751175463,0.214968082409862,1.2127760812999298,0
60.0,ivt_30_100_simple,16,16,0,0.1686367344282465,0.150379501002287,0.198648687214697,1.1836900669645758,0
60.0,ivt_40_50_simple,16,16,0,0.20717598141626098,0.178081412243443,0.229285540011784,1.2301990449027755,0
65.0,idt_1_100,16,12,4,0.01600745975281215,-0.0119074351876295,0.0327614063772188,1.016136265503186,0
65.0,ivt_30_100_simple,16,0,16,-0.0259686125891313,-0.0383063441890215,-0.0001700921159467,0.9743656719444783,0
65.0,ivt_40_50_simple,16,16,0,0.09132759043221615,0.0348448448518167,0.139715845807667,1.0956278636813745,0
70.0,idt_1_100,16,2,14,-0.0169522649098114,-0.0472709621853615,0.0041332815359634,0.9831906162074966,0
70.0,ivt_30_100_simple,16,0,16,-0.03812191132788785,-0.0576661554419079,-0.0233843080317511,0.9625955824320088,0
70.0,ivt_40_50_simple,16,14,2,0.05170844722606215,-0.0072133798636238,0.102765417235221,1.0530686726593452,0
