universe_id,detector_id,viewing_distance_cm,estimate,CI_lower,CI_upper,rate_ratio
srl_u001,ivt_30_100_simple,60.0,0.164983369420086,-0.0532405330139516,0.383207271854123,1.179373504882975
srl_u002,ivt_30_100_simple,60.0,0.163780616941211,-0.0666254213979935,0.394186655280416,1.17795586318339
srl_u003,ivt_30_100_simple,60.0,0.197307291838218,-0.0162725314958019,0.410887115172237,1.2181183010112795
srl_u004,ivt_30_100_simple,60.0,0.198007136248339,-0.0273802570706562,0.423394529567334,1.2189710926710395
srl_u005,ivt_30_100_simple,60.0,0.165666865131613,-0.052341298446743,0.383675028709969,1.1801798771604552
srl_u006,ivt_30_100_simple,60.0,0.164422074333482,-0.0657717744346603,0.394615923101625,1.178711714076752
srl_u007,ivt_30_100_simple,60.0,0.197997586586384,-0.0153596100081674,0.411354783180936,1.218959451964754
srl_u008,ivt_30_100_simple,60.0,0.198648687214697,-0.0265200825584346,0.423817456987829,1.2197533756638783
srl_u009,ivt_30_100_simple,65.0,-0.0272957610335087,-0.216432608684731,0.161841086617714,0.9730734017655568
srl_u010,ivt_30_100_simple,65.0,-0.0255426896120044,-0.221787975266021,0.170702596042012,0.9747807650648568
srl_u011,ivt_30_100_simple,65.0,-0.0035265869994822,-0.189644178092953,0.182591004093989,0.9964796241049716
srl_u012,ivt_30_100_simple,65.0,-0.0010147184972113,-0.194197832422602,0.192168395428179,0.9989857961555124
srl_u013,ivt_30_100_simple,65.0,-0.0263945355662582,-0.215291218212034,0.162502147079517,0.9739507555841516
srl_u014,ivt_30_100_simple,65.0,-0.0246858653955126,-0.220681711782427,0.171309980991402,0.9756163387488987
srl_u015,ivt_30_100_simple,65.0,-0.0026272114825749,-0.188502744170445,0.183248321205295,0.997376236617222
srl_u016,ivt_30_100_simple,65.0,-0.0001700921159467,-0.193100522752733,0.192760338520839,0.9998299223488972
srl_u017,ivt_30_100_simple,70.0,-0.0576661554419079,-0.236196130575033,0.120863819691217,0.9439650324282728
srl_u018,ivt_30_100_simple,70.0,-0.0553146179112749,-0.237155606842537,0.126526371019987,0.9461874136119164
srl_u019,ivt_30_100_simple,70.0,-0.0393096520848235,-0.216481298511151,0.137861994341504,0.9614529471378916
srl_u020,ivt_30_100_simple,70.0,-0.0366652743840621,-0.217169407448517,0.143838858680393,0.9639987564287804
srl_u021,ivt_30_100_simple,70.0,-0.0569746873812385,-0.235169021343161,0.121219646580684,0.9446179798187024
srl_u022,ivt_30_100_simple,70.0,-0.0546835521139298,-0.236161576134581,0.126794471906721,0.9467847085729132
srl_u023,ivt_30_100_simple,70.0,-0.0386496586278035,-0.215481811200622,0.138182493945015,0.9620877092386104
srl_u024,ivt_30_100_simple,70.0,-0.0360474559144382,-0.216183538919732,0.144088627090856,0.9645945166820904
srl_u025,ivt_30_100_simple,60.0,0.150775144242368,-0.0619090434118873,0.363459331896622,1.1627351809855608
srl_u026,ivt_30_100_simple,60.0,0.15696517425196,-0.0685822494502802,0.382512597954201,1.1699548686379522
srl_u027,ivt_30_100_simple,60.0,0.172184766865809,-0.0408338075231001,0.385203341254719,1.1878972969989332
srl_u028,ivt_30_100_simple,60.0,0.179793181132696,-0.0461773742513444,0.405763736516737,1.1969697815860014
srl_u029,ivt_30_100_simple,60.0,0.150379501002287,-0.0623264626986368,0.36308546470321,1.1622752436627457
srl_u030,ivt_30_100_simple,60.0,0.156559356169238,-0.0690139706159365,0.382132682954412,1.1694801761222082
srl_u031,ivt_30_100_simple,60.0,0.17160660372488,-0.0414032789071897,0.384616486356951,1.1872106970691112
srl_u032,ivt_30_100_simple,60.0,0.179184448408843,-0.046777467814876,0.405146364632562,1.1962413686373792
srl_u033,ivt_30_100_simple,65.0,-0.0383063441890215,-0.216041755092234,0.139429066714191,0.9624180645451952
srl_u034,ivt_30_100_simple,65.0,-0.0268717331406683,-0.210077304931836,0.156333838650499,0.9734860995211828
srl_u035,ivt_30_100_simple,65.0,-0.0297082097569017,-0.20852212042559,0.149105700911787,0.9707287414032908
srl_u036,ivt_30_100_simple,65.0,-0.018357182732179,-0.202781813838141,0.166067448373783,0.9818102840416733
srl_u037,ivt_30_100_simple,65.0,-0.038221489607189,-0.215869288244952,0.139426309030574,0.9624997335925578
srl_u038,ivt_30_100_simple,65.0,-0.02679630694441,-0.209888337771426,0.156295723882606,0.9735595286439848
srl_u039,ivt_30_100_simple,65.0,-0.0299201946371238,-0.208665914450979,0.148825525176732,0.97052298339688
srl_u040,ivt_30_100_simple,65.0,-0.018594176210549,-0.202926547818041,0.165738195396943,0.9815776289773144
srl_u041,ivt_30_100_simple,70.0,-0.0448295343845751,-0.213950513658661,0.124291444889511,0.9561604604229134
srl_u042,ivt_30_100_simple,70.0,-0.0303918156302509,-0.200823940419308,0.140040309158806,0.9700653723015796
srl_u043,ivt_30_100_simple,70.0,-0.0375941640279722,-0.207479989890706,0.132291661834762,0.963103723724852
srl_u044,ivt_30_100_simple,70.0,-0.0235589942414944,-0.194764838878427,0.147646850395438,0.9767163523288066
srl_u045,ivt_30_100_simple,70.0,-0.0445215228965952,-0.213502571359175,0.124459525565984,0.9564550141897192
srl_u046,ivt_30_100_simple,70.0,-0.030094632191044,-0.200350132192064,0.140160867809976,0.9703537025065344
srl_u047,ivt_30_100_simple,70.0,-0.0374116047742873,-0.20717651390333,0.132353304354755,0.963279563271956
srl_u048,ivt_30_100_simple,70.0,-0.0233843080317511,-0.194436047937596,0.147667431874094,0.9768869861096396
srl_u049,ivt_40_50_simple,60.0,0.178081412243443,-0.0466555012111933,0.40281832569808,1.1949225986044558
srl_u050,ivt_40_50_simple,60.0,0.196255963461284,-0.0389221164316734,0.431434043354241,1.2168383316269262
srl_u051,ivt_40_50_simple,60.0,0.208138694726517,-0.0160971973986454,0.43237458685168,1.231383944165198
srl_u052,ivt_40_50_simple,60.0,0.228206433108483,-0.0063610648176999,0.462773931034666,1.2563446497962394
srl_u053,ivt_40_50_simple,60.0,0.179073792206885,-0.0453964996301301,0.4035440840439,1.1961090044344955
srl_u054,ivt_40_50_simple,60.0,0.197329747511461,-0.03755381618858,0.432213311211503,1.2181456549849432
srl_u055,ivt_40_50_simple,60.0,0.209114997334124,-0.0148489085431865,0.433078903211435,1.2325867345690174
srl_u056,ivt_40_50_simple,60.0,0.229285540011784,-0.0049813529263827,0.46355243294995,1.2577011117328496
srl_u057,ivt_40_50_simple,65.0,0.0348448448518167,-0.163286406425048,0.232976096128681,1.035459039534897
srl_u058,ivt_40_50_simple,65.0,0.052138666905586,-0.154360120656533,0.258637454467705,1.05352182099589
srl_u059,ivt_40_50_simple,65.0,0.0580816854481992,-0.140505379986229,0.256668750882627,1.0598015625402526
srl_u060,ivt_40_50_simple,65.0,0.076526834731332,-0.130513756066385,0.283567425529049,1.0795311588770953
srl_u061,ivt_40_50_simple,65.0,0.034994566180497,-0.163046767482202,0.233035899843196,1.0356140814443409
srl_u062,ivt_40_50_simple,65.0,0.0523383259416668,-0.154049128494313,0.258725780377647,1.0537321871472127
srl_u063,ivt_40_50_simple,65.0,0.0581883207788817,-0.140312051648918,0.256688693206682,1.0599145808560977
srl_u064,ivt_40_50_simple,65.0,0.0766784592479203,-0.130255587292234,0.283612505788075,1.0796948546770366
srl_u065,ivt_40_50_simple,70.0,-0.0072133798636238,-0.19873122669949,0.184304466972243,0.9928125741181002
srl_u066,ivt_40_50_simple,70.0,0.0124627524018393,-0.183519915047029,0.208445419850707,1.0125407361277738
srl_u067,ivt_40_50_simple,70.0,0.012751954684941,-0.179392248956156,0.204896158326038,1.0128336075678988
srl_u068,ivt_40_50_simple,70.0,0.0330836223594451,-0.163644451207404,0.229811695926294,1.0336369707897572
srl_u069,ivt_40_50_simple,70.0,-0.0070888753739396,-0.198558542933457,0.184380792185578,0.9929361914362888
srl_u070,ivt_40_50_simple,70.0,0.0126293848395116,-0.183265141401611,0.208523911080634,1.012709472316948
srl_u071,ivt_40_50_simple,70.0,0.0128204089795449,-0.179279320858168,0.204920138817258,1.0129029427511744
srl_u072,ivt_40_50_simple,70.0,0.0331924203512112,-0.163453860652025,0.229838701354448,1.0337494345341982
srl_u073,ivt_40_50_simple,60.0,0.190016035297522,-0.0272286789214962,0.407260749516541,1.2092689884897967
srl_u074,ivt_40_50_simple,60.0,0.20604811057906,-0.022949096757632,0.435045317915753,1.228812321445554
srl_u075,ivt_40_50_simple,60.0,0.210824541522494,-0.0093148842468132,0.430963967291801,1.2346956982274169
srl_u076,ivt_40_50_simple,60.0,0.228352137794741,-0.003787574222944,0.460491849812426,1.2565277184359254
srl_u077,ivt_40_50_simple,60.0,0.190174122441167,-0.0270357768078338,0.407384021690168,1.209460173481632
srl_u078,ivt_40_50_simple,60.0,0.206213268106005,-0.0227482018065253,0.435174738018535,1.2290152858097283
srl_u079,ivt_40_50_simple,60.0,0.210895600514733,-0.0091727428406011,0.430963943870067,1.2347834375767528
srl_u080,ivt_40_50_simple,60.0,0.228417451281494,-0.0036472270530523,0.460482129616041,1.256609789322557
srl_u081,ivt_40_50_simple,65.0,0.106093094515713,-0.0791010802815618,0.291287269312988,1.1119253858436844
srl_u082,ivt_40_50_simple,65.0,0.125269549585526,-0.0685598816799731,0.319098980851025,1.1334539339319605
srl_u083,ivt_40_50_simple,65.0,0.119698535264921,-0.0690535401195282,0.30845061064937,1.1271570022685768
srl_u084,ivt_40_50_simple,65.0,0.139715845807667,-0.0580246379567989,0.337456329572133,1.1499469901691797
srl_u085,ivt_40_50_simple,65.0,0.105976721616512,-0.0790751699868268,0.291028613219851,1.1117959953917556
srl_u086,ivt_40_50_simple,65.0,0.125139081920859,-0.0685335432062729,0.31881170704799,1.1333060644904929
srl_u087,ivt_40_50_simple,65.0,0.119688607436173,-0.0689393089898913,0.308316523862237,1.1271458121024334
srl_u088,ivt_40_50_simple,65.0,0.139702864000289,-0.057901939916572,0.337307667917151,1.1499320618757567
srl_u089,ivt_40_50_simple,70.0,0.0705714974929216,-0.103241687071857,0.2443846820577,1.0731212921699296
srl_u090,ivt_40_50_simple,70.0,0.0927288041769217,-0.0853454614390144,0.270803069792858,1.0971641485834458
srl_u091,ivt_40_50_simple,70.0,0.0803459548578017,-0.0973204885821272,0.258012398297731,1.0836619009323691
srl_u092,ivt_40_50_simple,70.0,0.102746397355896,-0.079576868991058,0.285069663702849,1.108210328366611
srl_u093,ivt_40_50_simple,70.0,0.0702244741009131,-0.103413624675474,0.243862572877301,1.072748958587052
srl_u094,ivt_40_50_simple,70.0,0.0923462996440906,-0.085523979150202,0.270216578438383,1.0967445585760087
srl_u095,ivt_40_50_simple,70.0,0.0803791388022309,-0.097140481432013,0.257898759036475,1.0836978617053266
srl_u096,ivt_40_50_simple,70.0,0.102765417235221,-0.0793880657639408,0.284918900234383,1.1082314065937753
srl_u097,idt_1_100,60.0,0.176593751175463,-0.041272155485698,0.394459657836623,1.1931462803825967
srl_u098,idt_1_100,60.0,0.180670367690719,-0.0484205817672301,0.409761317148668,1.1980202080313929
srl_u099,idt_1_100,60.0,0.208786130704634,-0.0086021765175648,0.426174437926834,1.2321814445708963
srl_u100,idt_1_100,60.0,0.214930508544299,-0.0135664450506388,0.443427462139236,1.2397757401515894
srl_u101,idt_1_100,60.0,0.176738463462343,-0.040943236679766,0.394420163604451,1.193318955803239
srl_u102,idt_1_100,60.0,0.180743692840623,-0.0481795825039505,0.409666968185196,1.1981080562634376
srl_u103,idt_1_100,60.0,0.208917327882572,-0.0082944656905573,0.426129121455702,1.2323431139041798
srl_u104,idt_1_100,60.0,0.214968082409862,-0.0133680131899887,0.443304178009712,1.2398223241937438
srl_u105,idt_1_100,65.0,-0.0119074351876295,-0.206161787660245,0.182346917284986,0.9881631777677908
srl_u106,idt_1_100,65.0,-0.0024721853938077,-0.204178952132678,0.199234581345063,0.9975308679398492
srl_u107,idt_1_100,65.0,0.0168125402460588,-0.17691731578457,0.210542396276687,1.0169546663841114
srl_u108,idt_1_100,65.0,0.0273305705675594,-0.1740066350194,0.228667776154519,1.0277074764611114
srl_u109,idt_1_100,65.0,-0.0118615330553855,-0.205911936769796,0.182188870659025,0.988208537605704
srl_u110,idt_1_100,65.0,-0.0024374153810985,-0.203905641492008,0.199030810729811,0.9975655527037964
srl_u111,idt_1_100,65.0,0.0167729674196068,-0.176763894550847,0.21030982939006,1.0169144234098584
srl_u112,idt_1_100,65.0,0.0273127018423536,-0.173798367299842,0.22842377098455,1.0276891128026908
srl_u113,idt_1_100,70.0,-0.0472709621853615,-0.238027542384404,0.143485618013681,0.9538289110057206
srl_u114,idt_1_100,70.0,-0.0370268045842072,-0.23183878705221,0.157785177883796,0.9636503047571257
srl_u115,idt_1_100,70.0,-0.0218617380452757,-0.212386707437503,0.168663231346951,0.9783754978089292
srl_u116,idt_1_100,70.0,-0.010931225207609,-0.205676971840887,0.183814521425669,0.989128303529871
srl_u117,idt_1_100,70.0,-0.0471853960727518,-0.237572419377046,0.143201627231542,0.9539105299295874
srl_u118,idt_1_100,70.0,-0.0368917797680059,-0.231235356562476,0.157451797026465,0.9637804302472952
srl_u119,idt_1_100,70.0,-0.0218296938012578,-0.211993729793776,0.168334342191261,0.978406849614442
srl_u120,idt_1_100,70.0,-0.0108645595710639,-0.205150482121408,0.183421362979281,0.9891942465958944
srl_u121,idt_1_100,60.0,0.178206976026781,-0.0350812522040724,0.391495204257634,1.1950726470268591
srl_u122,idt_1_100,60.0,0.188078948318534,-0.0371643543167461,0.413322250953814,1.20692879658749
srl_u123,idt_1_100,60.0,0.197745079337842,-0.0181332802516076,0.413623438927291,1.2186516947245565
srl_u124,idt_1_100,60.0,0.209042659426376,-0.0190157210989514,0.437101039951703,1.2324975750483662
srl_u125,idt_1_100,60.0,0.178187985182023,-0.0351278181766907,0.391503788540737,1.1950499518032465
srl_u126,idt_1_100,60.0,0.188038875251956,-0.0372363890873958,0.413314139591307,1.20688043221853
srl_u127,idt_1_100,60.0,0.197832961908441,-0.0179817069992518,0.413647630816133,1.218758797674326
srl_u128,idt_1_100,60.0,0.20910978487412,-0.0188828922816096,0.43710246202985,1.2325803097767063
srl_u129,idt_1_100,65.0,0.0063663420984199,-0.176527219569673,0.189259903766513,1.006386650327782
srl_u130,idt_1_100,65.0,0.0239032003031285,-0.16399968241922,0.211806083025477,1.0241911716970795
srl_u131,idt_1_100,65.0,0.0152419520860175,-0.17040214463103,0.200886048803065,1.0153587030544144
srl_u132,idt_1_100,65.0,0.0327614063772188,-0.158180413658402,0.223703226412839,1.0333039700899036
srl_u133,idt_1_100,65.0,0.0060887680450557,-0.176671352404335,0.188848888494446,1.0061073422721267
srl_u134,idt_1_100,65.0,0.0236064939956131,-0.164131847917066,0.211344835908292,1.023887332794024
srl_u135,idt_1_100,65.0,0.014639684611717,-0.170737489280326,0.20001685850376,1.01474736964441
srl_u136,idt_1_100,65.0,0.0321268630506183,-0.158499647895965,0.222753373997202,1.0326485019347986
srl_u137,idt_1_100,70.0,-0.0196966616312418,-0.194091154368573,0.154697831106089,0.980496050274017
srl_u138,idt_1_100,70.0,-0.000898181604361,-0.175902884886837,0.174106521678115,0.9991022216399984
srl_u139,idt_1_100,70.0,-0.0141698073278085,-0.190977847129734,0.162638232474117,0.9859301118899364
srl_u140,idt_1_100,70.0,0.0041332815359634,-0.173435755487101,0.181702318559028,1.0041418353251037
srl_u141,idt_1_100,70.0,-0.0199082536496631,-0.194136659018482,0.154320151719156,0.980288607083121
srl_u142,idt_1_100,70.0,-0.0011388200733622,-0.175931965571905,0.173654325425181,0.9988618281361296
srl_u143,idt_1_100,70.0,-0.014207868188381,-0.190861090872848,0.162445354496086,0.985892587255528
srl_u144,idt_1_100,70.0,0.0040776597857111,-0.173296449077547,0.181451768648969,1.0040859847519892
