decision,level,planned_specifications,successful_specifications,non_ok_specifications,successful_specification_proportion,mean_log_rate_ratio,median_log_rate_ratio,minimum_log_rate_ratio,maximum_log_rate_ratio,levels,marginal_mean_range,marginal_median_range
detector_id,idt_1_100,48,48,0,1.0,0.06306678554736163,0.01600745975281215,-0.0472709621853615,0.214968082409862,3,0.07777331351803254,0.12849349924436998
detector_id,ivt_30_100_simple,48,48,0,1.0,0.03714856407404419,-0.024122429818503502,-0.0576661554419079,0.198648687214697,3,0.07777331351803254,0.12849349924436998
detector_id,ivt_40_50_simple,48,48,0,1.0,0.11492187759207673,0.10437106942586649,-0.0072133798636238,0.229285540011784,3,0.07777331351803254,0.12849349924436998
eye,left,72,72,0,1.0,0.06283608420490976,0.0220626210442062,-0.0576661554419079,0.229285540011784,2,0.01775264973250218,0.06430009817895455
eye,right,72,72,0,1.0,0.08058873393741194,0.08636271922316074,-0.0448295343845751,0.228417451281494,2,0.01775264973250218,0.06430009817895455
viewing_distance_cm,60.0,48,48,0,1.0,0.19111002597270618,0.1932150429512255,0.150379501002287,0.229285540011784,3,0.19419382114731448,0.21016730786103688
viewing_distance_cm,65.0,48,48,0,1.0,0.02711099641538468,0.01600745975281215,-0.0383063441890215,0.139715845807667,3,0.19419382114731448,0.21016730786103688
viewing_distance_cm,70.0,48,48,0,1.0,-0.0030837951746082964,-0.0169522649098114,-0.0576661554419079,0.102765417235221,3,0.19419382114731448,0.21016730786103688
aoi_convention,exact_quarters,72,72,0,1.0,0.07163863818688207,0.0339642336056309,-0.0576661554419079,0.228352137794741,2,0.00014754176855756584,0.00012925966022319518
aoi_convention,reported_area_center_seam,72,72,0,1.0,0.07178617995543964,0.0340934932658541,-0.0569746873812385,0.229285540011784,2,0.00014754176855756584,0.00012925966022319518
quality_rule,released_sample,72,72,0,1.0,0.06180718825889274,0.0293740225774726,-0.0576661554419079,0.206213268106005,2,0.019810441624536226,0.016263030322232596
quality_rule,trial_80_sensitivity,72,72,0,1.0,0.08161762988342897,0.0456370528997052,-0.0393096520848235,0.229285540011784,2,0.019810441624536226,0.016263030322232596
cohort_id,exact_raw82,72,72,0,1.0,0.06546739087531929,0.02582869254893775,-0.0576661554419079,0.210895600514733,2,0.012490036391683126,0.016836851079460848
cohort_id,nominal250_77,72,72,0,1.0,0.07795742726700242,0.0426655436283986,-0.0553146179112749,0.229285540011784,2,0.012490036391683126,0.016836851079460848
