file,bytes,sha256,status,python_resource,parity_status
inst/extdata/api-lifecycle-module-policy-0.9.csv,15725,4c2939a869893d603c0911d71a0f3b4bfc44f71211b553c5b1aaa1d4df2300bf,reference_only,,not_started
inst/extdata/api-lifecycle-registry-0.9.csv,242926,f2636e477d5ee8e0b005a5d2dca9cf65b4bcefe8f625ce69eab5828b7a8c0dad,reference_only,,not_started
inst/extdata/benchmark-study/LICENSE.txt,108,4d5fe39581a8a020ba0ce9908338e7c3b64e1240ad949145ec3995ab3a9f38be,reference_only,,not_started
inst/extdata/benchmark-study/README.md,421,b68f9d5f34065a360f4e7984379d8d3beebcb8722471bd1e54d96f5fd4ed204d,reference_only,,not_started
inst/extdata/benchmark-study/SYNTHETIC_DATA.txt,116,1974b6a072d1d422b724168a86e3da08b1fd34bd3cbd73837ecb6ffb6e8b3bc5,reference_only,,not_started
inst/extdata/benchmark-study/aoi_definitions.csv,200,818a55f757e992943f6f3314b754f020a4d113d2279ab655bd518486657f3535,reference_only,,not_started
inst/extdata/benchmark-study/events.csv,10705,6209be9f75c4cdb95fac0f924922f31a457870db93d44e3419691644d965c1ac,reference_only,,not_started
inst/extdata/benchmark-study/expected_outputs.csv,315,8ac30a4d2d2a193cb44c4c080203a38a84c385516d1999bb70234ba236b0a186,reference_only,,not_started
inst/extdata/benchmark-study/gaze_samples.csv,464553,d90fbd8d5661a0a41ef6b227d42bfbc655711551c6f7d550b65d2de96cf5c574,reference_only,,not_started
inst/extdata/benchmark-study/items.csv,338,747caf5ccb69a95af0fee074f593aa7bc061cb6b5a546122d6ba08c3102c6186,reference_only,,not_started
inst/extdata/benchmark-study/manifest.csv,726,0c9495ce0d983ffc1ba8242045619362d96624fad78dc335fb110b07fc7f17d5,reference_only,,not_started
inst/extdata/benchmark-study/participants.csv,207,1cda1ae7b4aad26aa10ffcc6f1404ade4f673c89a2e853febf0dd57ceefd9b46,reference_only,,not_started
inst/extdata/benchmark-study/provenance.csv,922,8d633f9c1326846240087d9d97f605c1aa0e184d09ad3764e56e65c0febbb954,reference_only,,not_started
inst/extdata/benchmark-study/pupil_samples.csv,348571,0ff91fe453ccee4bf967847afb855a97cdd1430d10a7d6efae233c8a5ab638df,reference_only,,not_started
inst/extdata/benchmark-study/quality.csv,3342,70cdf7d879ed4ba301785878991191cc9242a9ee3e81e84bde745d0ede320923,reference_only,,not_started
inst/extdata/benchmark-study/recordings.csv,507,32b07e25749653dedb757005eaf1cbbf78dc4025b62e2aef6bfeb9a467823380,reference_only,,not_started
inst/extdata/benchmark-study/responses.csv,4902,cdb9a0d202e8773d3571da365b0ce28bc69daa052dae5ba7d7b9208f4cfcd167,reference_only,,not_started
inst/extdata/calibration_targets_demo.csv,37783,a9518ae856edf4d31057dd30991844ab8cc30dc8dfeecd4386ab40df41cdd027,reference_only,,not_started
inst/extdata/drift-default-thresholds-0.8.csv,504,16a7fb087c48d041fe05f6aabc050c6b783da8c7c6e3b9e8f7f1f77efdea0479,reference_only,,not_started
inst/extdata/eyelink-demo.asc,243,212851fa4c1575a713d1d79799b180b1f9458ef4b05566406c1246a1c7fc50b8,reference_only,,not_started
inst/extdata/frontier-evidence-gates-0.8.csv,562,265f426dc2d63f12c8a58dbcd5f88706258688377e2ea57016172255c6547bdf,reference_only,,not_started
inst/extdata/gaze_quality_demo.csv,293606,284d7b442fa3d66341c2d78f0e9c552a89b881d08a3d1edf70577386d1f030d5,reference_only,,not_started
inst/extdata/gazepoint/demo-user-fix.csv,206,98985b19ed960c1d61ef0fa38b5fbb848371c19e14e5373039846e39037fd276,reference_only,,not_started
inst/extdata/gazepoint/demo-user.csv,1166,4a54ff32f4b312c54f737fcbe74f6327a909a18cdf2533b000d5c1c2e140f40b,reference_only,,not_started
inst/extdata/gazepoint-v72-real-export-profile.csv,609,9d653993cebb7bb739beecc1ef2a10084378f2a95b3ede48f9b131095f5f4a36,reference_only,,not_started
inst/extdata/gazepoint_v72/Data_Summary_export_02-20-26-01.28.43.csv,1646,50694fcf5ed0ffc540cd30f8680d7476c4958876034fe27d5424e667f6d46ad9,reference_only,,not_started
inst/extdata/gazepoint_v72/user3_all_gaze.csv,2702,b47542ad04c9c812a1a9f1b1b348ee5367914e49c1124135a2ce81b92bc8ba14,reference_only,,not_started
inst/extdata/gazepoint_v72/user3_fixations.csv,2220,bb545e27028bf0823465c16e0cd018c2ef2f2fc2ab1f2e8854e9c33033715701,reference_only,,not_started
inst/extdata/irt_engine_registry_demo.csv,522,595ad02ba3bdc44837ca3356feec47b5fa46bd21bcadfc74f52f1109e9b80c97,reference_only,,not_started
inst/extdata/irt_item_bank_demo.csv,336,f79b8e5c563a5519a28094fc94fc371a8734eca63572c27e5e7c9faae29a9616,reference_only,,not_started
inst/extdata/irt_link_focal_demo.csv,423,3aa5343299d4cb6ee87b07ae25bca135a75edf82d37623815c73566e0beab4da,reference_only,,not_started
inst/extdata/irt_link_reference_demo.csv,429,a3e47a7bc8255023c9a594896e8f183c14b3c6822a9ac9137a1180fe506fc51e,reference_only,,not_started
inst/extdata/irt_process_long_demo.csv,13515,63f7320172e1870d94a37221006fdc4a70e7c5ba308d9b6ce212e8af9542fa0b,reference_only,,not_started
inst/extdata/irt_qmatrix_demo.csv,137,2e93a1529ecebb72760d6943e3cd44f4eff8208f2b45fb799d5b67f21ce85f95,reference_only,,not_started
inst/extdata/irt_sbc_rank_fixture.csv,1817,83d918de7ad63d58bcf41fb331be8553b62339d1b7e4482980932ab0997eb853,reference_only,,not_started
inst/extdata/measurement-intelligence-api-inventory.csv,19650,ee250874212cfd0d1945f4904228bc1e84dc3369bf8c2fe278901b2e00145cdd,reference_only,,not_started
inst/extdata/model-evidence-gates-0.7.csv,3360,2873b0916ea58b0603409c4a8d2d1e2dd41a32adcdddc866976d8dcbffa1bfba,reference_only,,not_started
inst/extdata/negative_control_demo_results.csv,6633,82d497b0e435cf42cab1378b9fa675756331df4fa7c5831b60e60222354172d2,reference_only,,not_started
inst/extdata/pipeline_demo_manifest.csv,311,76f855eda8f0a3c1abab40357bc5ff5032d7294bd9c21596f7f443b61b7e18a6,reference_only,,not_started
inst/extdata/preflight-default-thresholds-0.8.csv,763,02b19be1899effb690296098d0a2eacd1d9490d1dcdbeb4305e5a3af515f2dd9,reference_only,,not_started
inst/extdata/process-feature-family-registry-0.8.csv,744,55526e14c8b4b69b8371a4e43577c532ffe7bac80b057022e7c36b1fc660e117,reference_only,,not_started
inst/extdata/public-validation-corpus-0.7.csv,1603,95e57890a469a9ce6098211187477b876d0305777cba8b5fd33857efb2ab98b2,reference_only,,not_started
inst/extdata/public-validation-test-plan-0.7.csv,2036,12a829ed90838c55fc86715bca898f051d71ef7e7574c5022c640da1f77e8495,reference_only,,not_started
inst/extdata/pupil_baseline_demo.csv,25476,e24db10ca0a9c3de18119ee3bcbdaa334075382220af9c33b20a428ddc126941,reference_only,,not_started
inst/extdata/pupillabs_core/fixations.csv,103,c7c4fad391bf1d09f1877aeec877de48e304cb2d83421cb327696ddfe101bbec,reference_only,,not_started
inst/extdata/pupillabs_core/gaze_positions.csv,129,cd2b4066fdcfa94da6cd6562c9d6d7a8f97b7eec9ba486b45aecfe34342e919d,reference_only,,not_started
inst/extdata/pupillabs_core/pupil_positions.csv,153,2e7906398baf818981437385cedb1b71738532ee0c57811ced69ba3a79711c64,reference_only,,not_started
inst/extdata/pupillabs_neon/3d_eye_states.csv,129,402e4de928e0c4fc8c236dc7979748aab83a62833ddf8aa5bb9ea8956f386401,reference_only,,not_started
inst/extdata/pupillabs_neon/events.csv,64,7e9b603245177341646119fd9f03cf9f2601a2a669100e37973c90f47facb05b,reference_only,,not_started
inst/extdata/pupillabs_neon/fixations.csv,123,86eedec795fd92c478f2d82d2be4a52dad70379d10d812a962dbeb6f42e2a6e2,reference_only,,not_started
inst/extdata/pupillabs_neon/gaze.csv,204,4430ef1d0b77f01e6243604649ea05cf0261afd70ef32ced37150aba0b2a6f74,reference_only,,not_started
inst/extdata/reliability_demo.csv,10746,412812af3a913680f535e931deacd274ec0807c4be46305c1ea0b33fea7c6b9b,reference_only,,not_started
inst/extdata/research-scale-api-inventory.csv,12094,94cab45cb5c77e59901a881bbb7987e3db588f88444dfa97573185bec0454b29,reference_only,,not_started
inst/extdata/sbc_rank_demo.csv,1817,83d918de7ad63d58bcf41fb331be8553b62339d1b7e4482980932ab0997eb853,reference_only,,not_started
inst/extdata/sensitivity_demo_results.csv,2787,65a3e30628171e6bc01fb3f06393d337fd40ccf8c60437d65b2f4399c86dc2ae,reference_only,,not_started
inst/extdata/smi-demo.txt,280,8b0a8cb93819f206c810a60604d107f228edef050d2f15bfa88ba02eb07768de,reference_only,,not_started
inst/extdata/tobii-demo.tsv,381,733cf72cee4e66d98340182e5259fb605b0dd85dc3aa2f4ed9bce26a974d6e12,reference_only,,not_started
inst/extdata/validation-evidence-levels-0.7.csv,587,749730d9ab8a63df6e5d089e2bf0a6bcd1bc75bd496b01ee5a7f5abac115eed2,reference_only,,not_started
inst/extdata/validation_demo_conditions.csv,961,6ed1216a54ef4037277375ad5b16dc05b93697dc560d20b45798fc9076912be3,reference_only,,not_started
inst/extdata/validation_demo_truth.csv,230,761866f7bfa93b00bf89230deca09aea2f216ae404064d9502ba8a7f03901cff,reference_only,,not_started
inst/extdata/validation_m2_acceptance_rules.csv,419,bb4830b8d041d44e8d098d0dc8fd47273cede2a29991e2d05a3cc29e334494b2,reference_only,,not_started
inst/extdata/validation_m2_claims_seed.csv,711,e695bc1fc95c23dc3382980e7f53006244e3ced4d287008d367de6d6efcb8e36,reference_only,,not_started
inst/extdata/validation_m2_fixture_metadata.json,271,1713df90f0b355d77edd14f74668657ee836c84a7bd7b7e8d5f2d365db6d1544,reference_only,,not_started
inst/extdata/validation_m2_pupil_baseline_fixture.csv,24029,8538286dabec3baefffa9c193b18459f7fa4b27b192c5aed4b231022fe4f03a4,reference_only,,not_started
inst/extdata/validation_m2_scenarios_demo.csv,912,8f667e31ce32b5e213598b1316108a32191e590c1750de01dee151de257dd6eb,reference_only,,not_started
inst/extdata/validation_m2_stress_plan.csv,932,414de514cae8aa05bb52bcda2ffced34bd9408ea4986dbec4fe099abb456d5b7,reference_only,,not_started
